{"cameraMode":{"drawMode":0,"name":"Shaded","section":"Shading Mode"},"sceneLighting":false,"audioPlay":false,"sceneViewState":{"showFog":true,"showMaterialUpdate":false,"showSkybox":false,"showFlares":true,"showImageEffects":true,"showParticleSystems":true},"in2DMode":false,"pivot":{"x":2.3999996185302736,"y":-2.869999885559082,"z":-0.8714923858642578},"rotation":{"x":0.01831197738647461,"y":-0.000002301434733453789,"z":-0.00016563397366553545,"w":0.9999951720237732},"size":10.0,"orthographic":false}