{"cameraMode":{"drawMode":0,"name":"Shaded","section":"Shading Mode"},"sceneLighting":false,"audioPlay":false,"sceneViewState":{"showFog":true,"showMaterialUpdate":false,"showSkybox":false,"showFlares":true,"showImageEffects":true,"showParticleSystems":true},"in2DMode":false,"pivot":{"x":0.727174699306488,"y":-0.7057759761810303,"z":-1.0083131790161133},"rotation":{"x":0.011662950739264489,"y":-0.6491633653640747,"z":0.009921152144670487,"w":0.7606051564216614},"size":1.9139974117279053,"orthographic":false}